subscription ID	Plan	Product	Interval	Amount	Status
sub_1P8WHNI9Qa85Sr7CdLDgw3Ym	price_1P8WDTI9Qa85Sr7CVWDyFhns	Chat Enterprise : Annually	year	173000	active
sub_1PLa9wI9Qa85Sr7CDc8qH3Xw	price_1PtxiDI9Qa85Sr7CVjHq4wZi	Chat Enterprise : Annually	year	172800	active
sub_1PB9jVI9Qa85Sr7CvJhvrvJE	price_1PtjXJI9Qa85Sr7CKsAUx2Cp	Chat Enterprise : Quarterly	month	153000	active
sub_1Pis5RI9Qa85Sr7Cl4etkDH1	price_1PXq5wI9Qa85Sr7CG11I8Qfj	Chat Enterprise : Annually	year	135000	active
sub_1PF1J6I9Qa85Sr7COkfYkawl	price_1PF18ZI9Qa85Sr7CHT0iCKgn	Chat Enterprise :  36 Months	month	132000	active
sub_1Pis5QI9Qa85Sr7Cd0VwWmjf	price_1PXoURI9Qa85Sr7CVQJ4bgDB	Chat Enterprise : Annually	year	129600	active
sub_1PEdB1I9Qa85Sr7ChBLrGGGh	price_1PEd46I9Qa85Sr7Cv0gBKDZC	Chat Enterprise : Semi-Annually	month	108000	active
sub_1PnaG3I9Qa85Sr7CxEPBuL1I	price_1PWmvRI9Qa85Sr7CcUGBG0zI	Chat Enterprise : Annually	year	87000	active
sub_1PK8g6I9Qa85Sr7CeSdWH0lx	price_1PK8acI9Qa85Sr7CnubhN0wW	Chat Enterprise : Annually	year	81000	active
sub_1PF1J6I9Qa85Sr7COkfYkawl	price_1PF1BbI9Qa85Sr7CX3f4wZAi	Chat Enterprise - Support : 36 Months	month	72000	active
sub_1PC4FGI9Qa85Sr7CrjqljL7W	price_1PC4DsI9Qa85Sr7Ceoa5r5ZE	Feeds Enterprise : Annually	year	70000	trialing
sub_1Pchx7I9Qa85Sr7CvrNExljU	price_1P1tqSI9Qa85Sr7CaVk5HICc	Video Enterprise : Quarterly	month	68400	past_due
sub_1PKBvmI9Qa85Sr7CGIuRZBZ3	price_1PKBtnI9Qa85Sr7CUPIhykMU	Chat Enterprise : Annually	year	59400	active
sub_1PlxC7I9Qa85Sr7CuHxXVgVs	price_1Plx3CI9Qa85Sr7CJx2k0Dj3	Feeds Enterprise : Annually	year	56400	active
sub_1OTzcOI9Qa85Sr7ChouE9rKV	price_1NxyBfI9Qa85Sr7CcLu7GX2u	Auto Mod Enterprise : Annually	year	54825	active
sub_1Pis5RI9Qa85Sr7Cl4etkDH1	price_1Ksxr4I9Qa85Sr7Clft6kK3I	Chat Enterprise - Support : Annually	year	48000	active
sub_1PXwMGI9Qa85Sr7CksCc80HQ	price_1PXwBqI9Qa85Sr7CeuKzLdm2	Enterprise - Support : Annually	year	48000	active
sub_1PKBvmI9Qa85Sr7CGIuRZBZ3	price_1Ksxr4I9Qa85Sr7Clft6kK3I	Chat Enterprise - Support : Annually	year	48000	active
sub_1PK8g6I9Qa85Sr7CeSdWH0lx	price_1PK8dPI9Qa85Sr7CEkHWe0yI	Video Enterprise - Support : Annually	year	48000	active
sub_1P8WHNI9Qa85Sr7CdLDgw3Ym	price_1Ksxr4I9Qa85Sr7Clft6kK3I	Chat Enterprise - Support : Annually	year	48000	active
sub_1OrsS7I9Qa85Sr7Cr95KLMRI	price_1OrsIcI9Qa85Sr7CzFkhMXIe	Chat Enterprise - Support : Annually	year	48000	active
sub_1OpQ5BI9Qa85Sr7CNMWJhsP9	price_1Ksxr4I9Qa85Sr7Clft6kK3I	Chat Enterprise - Support : Annually	year	48000	active
sub_1PlxC7I9Qa85Sr7CuHxXVgVs	price_1Plx3fI9Qa85Sr7CjvwnGMSf	Feeds Enterprise - Support : Annually	year	44200	active
sub_1PXwMGI9Qa85Sr7CksCc80HQ	price_1NGCbtI9Qa85Sr7CX14nkZI8	Chat Enterprise : Annually	year	43200	active
sub_1PXGoOI9Qa85Sr7Czu29Yw7d	price_1P0nkdI9Qa85Sr7CxBUqRp5t	Feeds Enterprise : Annually	year	43200	active
sub_1PXGoOI9Qa85Sr7Czu29Yw7d	price_1NGCbtI9Qa85Sr7CX14nkZI8	Chat Enterprise : Annually	year	43200	active
sub_1PXwMGI9Qa85Sr7CksCc80HQ	price_1PXw9jI9Qa85Sr7Cbu8eFCxB	Feeds Enterprise : Annually	year	41040	active
sub_1P0WMnI9Qa85Sr7Cqspr4OKw	price_1P0W7XI9Qa85Sr7Cifthb3yx	Chat Enterprise : Quarterly	month	40500	active
sub_1PMkzXI9Qa85Sr7CYSs5l8cE	price_1PMajtI9Qa85Sr7C7Kn8iBuR	Chat Enterprise : Semi-Annually	month	30000	active
sub_1OzM5cI9Qa85Sr7CrRkP90fd	price_1Nxx6YI9Qa85Sr7CVoojbuw9	Chat Elevate : 50k MAU	year	27588	active
sub_1OrsS7I9Qa85Sr7Cr95KLMRI	price_1OrsHAI9Qa85Sr7CBqiFdQkF	Chat Elevate : 50k MAU	year	27588	active
sub_1OpQ5BI9Qa85Sr7CNMWJhsP9	price_1Nxx6YI9Qa85Sr7CVoojbuw9	Chat Elevate : 50k MAU	year	27588	active
sub_1OmVZeI9Qa85Sr7CIPa2MouY	price_1Nxx6YI9Qa85Sr7CVoojbuw9	Chat Elevate : 50k MAU	year	27588	active
sub_1PnaG3I9Qa85Sr7CxEPBuL1I	plan_HEQRhMxjAXusfi	Chat Enterprise - Support : Annually	year	24000	active
sub_1Pis5QI9Qa85Sr7Cd0VwWmjf	plan_HEQRhMxjAXusfi	Chat Enterprise - Support : Annually	year	24000	active
sub_1Pu6pzI9Qa85Sr7COQbes6m6	price_1PXwYDI9Qa85Sr7CTtEwF5IR	Chat Enterprise - Shared Shard : Quarterly	month	15000	past_due
sub_1PXwMGI9Qa85Sr7CksCc80HQ	price_1PXwCUI9Qa85Sr7CPApAyiME	Enterprise - AI Moderation : Annually	year	15000	active
sub_1PMdEZI9Qa85Sr7CXdYbvG11	price_1PMdCoI9Qa85Sr7CamVfnP1G	Chat Enterprise : Quarterly	month	14500	past_due
sub_1PK8g6I9Qa85Sr7CeSdWH0lx	price_1PK8cyI9Qa85Sr7CerJuqHQw	Video Enterprise : Annually	year	14400	active
sub_1PrZVwI9Qa85Sr7CzcjRljhC	price_1PXqUrI9Qa85Sr7CAmYUW9R7	Video Enterprise : Quarterly	month	13500	past_due
sub_1PBmluI9Qa85Sr7CIKacWFTV	price_1ONrHKI9Qa85Sr7CVDYrGdHR	Chat Enterprise : Quarterly	month	13500	past_due
sub_1OpE8PI9Qa85Sr7Ccru5jF1z	price_1OpE4MI9Qa85Sr7Cj6rihyvg	Video Enterprise : Quarterly	month	13140	active
sub_1PgKjPI9Qa85Sr7CWzrBLo5I	price_1PWk3kI9Qa85Sr7CGvAnqNd5	Chat - Support : Annually	year	12000	active
sub_1PEdB1I9Qa85Sr7ChBLrGGGh	price_1MrulKI9Qa85Sr7CvPgS2gFD	Chat Enterprise - Support : Semi-Annually	month	12000	active
sub_1P0WMnI9Qa85Sr7Cqspr4OKw	price_1MA4OXI9Qa85Sr7C7izsGRTv	Chat Enterprise - Support : Quarterly	month	12000	active
sub_1OTfU6I9Qa85Sr7CP4LwhwTU	price_1HwD2YI9Qa85Sr7CKVEgF1GX	Feeds Enterprise : Semi-Annually	month	12000	active
sub_1Pu6q3I9Qa85Sr7C0J5YK5Yy	price_1N1limI9Qa85Sr7Ctpo4khmA	Chat Enterprise : Quarterly	month	10800	past_due
sub_1Pu6pzI9Qa85Sr7COQbes6m6	price_1N1limI9Qa85Sr7Ctpo4khmA	Chat Enterprise : Quarterly	month	10800	past_due
sub_1PN2ItI9Qa85Sr7CS3y1EObv	price_1N1limI9Qa85Sr7Ctpo4khmA	Chat Enterprise : Quarterly	month	10800	past_due
sub_1PLZITI9Qa85Sr7Cfyexszn5	price_1N1limI9Qa85Sr7Ctpo4khmA	Chat Enterprise : Quarterly	month	10800	active
sub_1PB9jUI9Qa85Sr7CUkoelBoq	price_1P05POI9Qa85Sr7CGBhLMMxi	Feeds Enterprise : Semi-Annually	month	10800	active
sub_1OTfU4I9Qa85Sr7CedJcpytY	price_1N1limI9Qa85Sr7Ctpo4khmA	Chat Enterprise : Quarterly	month	10800	past_due
sub_1OTvzsI9Qa85Sr7CvOMl3lHv	price_1KsJYjI9Qa85Sr7CDICqFJ7m	Feeds Enterprise : Quarterly	month	9000	active
sub_1OTv9OI9Qa85Sr7CUbkfJdoe	price_1KsJYjI9Qa85Sr7CDICqFJ7m	Feeds Enterprise : Quarterly	month	9000	active
sub_1P0WMnI9Qa85Sr7Cqspr4OKw	price_1P0WCPI9Qa85Sr7CCgz836Rw	Chat Enterprise - AI Moderation : Quarterly	month	7500	active
sub_1PspGeI9Qa85Sr7CObeZ6gPo	price_1Nxx3xI9Qa85Sr7C7iZV6Q40	Chat Elevate : 10k MAU	year	7188	past_due
sub_1PpiXlI9Qa85Sr7CrjPnukrB	price_1Nxx3xI9Qa85Sr7C7iZV6Q40	Chat Elevate : 10k MAU	year	7188	active
sub_1Pj28pI9Qa85Sr7CyoyXFEt6	price_1Nxx3xI9Qa85Sr7C7iZV6Q40	Chat Elevate : 10k MAU	year	7188	active
sub_1PgKjPI9Qa85Sr7CWzrBLo5I	price_1Nxx3xI9Qa85Sr7C7iZV6Q40	Chat Elevate : 10k MAU	year	7188	active
sub_1PQNgEI9Qa85Sr7CsFgzdSEW	price_1Nxx3xI9Qa85Sr7C7iZV6Q40	Chat Elevate : 10k MAU	year	7188	active
sub_1PKC8sI9Qa85Sr7CyxrHWQgH	price_1Nxx3xI9Qa85Sr7C7iZV6Q40	Chat Elevate : 10k MAU	year	7188	active
sub_1Or4zeI9Qa85Sr7CuixvFlAM	price_1Nxx3xI9Qa85Sr7C7iZV6Q40	Chat Elevate : 10k MAU	year	7188	active
sub_1OfFffI9Qa85Sr7CvTngGl6p	price_1Nxx3xI9Qa85Sr7C7iZV6Q40	Chat Elevate : 10k MAU	year	7188	active
sub_1OXSyUI9Qa85Sr7CDY2nDBrh	price_1Nxx3xI9Qa85Sr7C7iZV6Q40	Chat Elevate : 10k MAU	year	7188	active
sub_1PBmluI9Qa85Sr7CIKacWFTV	price_1P0nOUI9Qa85Sr7C2KNwj2eX	Video Enterprise : Quarterly	month	6666.66	past_due
sub_1OzYUGI9Qa85Sr7CgZ5K4LNQ	price_1OwDoZI9Qa85Sr7C9J01Vz8g	Chat Elevate : 25k MAU	month	6294	active
sub_1PaVqxI9Qa85Sr7C1LM6FByu	price_1KsMegI9Qa85Sr7CFl7ZckhA	Chat Enterprise : Quarterly	month	6000	active
sub_1PXdIOI9Qa85Sr7C8wepXfLS	price_1PMaISI9Qa85Sr7CiuGcwg9T	Chat - Support : Quarterly	month	6000	active
sub_1PN2ItI9Qa85Sr7CS3y1EObv	price_1JZOYEI9Qa85Sr7CYFDvnEge	Chat Enterprise - Support : Quarterly	month	6000	past_due
sub_1PBmluI9Qa85Sr7CIKacWFTV	price_1JZOYEI9Qa85Sr7CYFDvnEge	Chat Enterprise - Support : Quarterly	month	6000	past_due
sub_1Oly93I9Qa85Sr7Cp6lvhcx2	price_1Oly5RI9Qa85Sr7CqqPmYQnU	Video Enterprise - Support : Quarterly	month	6000	past_due
sub_1PXGoMI9Qa85Sr7CUyMIuF7X	price_1OzignI9Qa85Sr7CVAYP1S1S	Chat Start : 50k MAU	month	5547	active
sub_1PBM0rI9Qa85Sr7CVyfGyObb	price_1OzignI9Qa85Sr7CVAYP1S1S	Chat Start : 50k MAU	month	5547	active
sub_1PIVmXI9Qa85Sr7Cf61LwgTe	price_1PN20eI9Qa85Sr7C2aqNdMs8	Feeds Enterprise : Quarterly	month	5400	active
sub_1PBmluI9Qa85Sr7CIKacWFTV	price_1PN20eI9Qa85Sr7C2aqNdMs8	Feeds Enterprise : Quarterly	month	5400	past_due
sub_1P0HRkI9Qa85Sr7CnqUuF6ut	price_1Ncv1SI9Qa85Sr7CdB0UWRfG	Feeds Enterprise : Monthly	month	5000	active
sub_1Q4mdyI9Qa85Sr7C8dwT9sQz	price_1NxwoBI9Qa85Sr7CZy1RqQJs	Chat Start : 10k MAU	year	4788	active
sub_1Q4cecI9Qa85Sr7CFUSDCKo0	price_1NxwoBI9Qa85Sr7CZy1RqQJs	Chat Start : 10k MAU	year	4788	active
sub_1Q2oHCI9Qa85Sr7CVSTP9S2M	price_1NxwoBI9Qa85Sr7CZy1RqQJs	Chat Start : 10k MAU	year	4788	active
sub_1PzjvtI9Qa85Sr7Ctyu5h5f7	price_1NxwoBI9Qa85Sr7CZy1RqQJs	Chat Start : 10k MAU	year	4788	active
sub_1PuWl8I9Qa85Sr7CkV4UDAhz	price_1NxwoBI9Qa85Sr7CZy1RqQJs	Chat Start : 10k MAU	year	4788	active
sub_1Pu681I9Qa85Sr7CekPDZpn0	price_1NxwoBI9Qa85Sr7CZy1RqQJs	Chat Start : 10k MAU	year	4788	past_due
sub_1Pr0CdI9Qa85Sr7C7TXyIDR1	price_1NxwoBI9Qa85Sr7CZy1RqQJs	Chat Start : 10k MAU	year	4788	active
sub_1PnBn9I9Qa85Sr7CCeOJuX5R	price_1NxwoBI9Qa85Sr7CZy1RqQJs	Chat Start : 10k MAU	year	4788	active
sub_1PlzbrI9Qa85Sr7CCLBrCAdm	price_1NxwoBI9Qa85Sr7CZy1RqQJs	Chat Start : 10k MAU	year	4788	active
sub_1PdQuqI9Qa85Sr7CLziwG51z	price_1NxwoBI9Qa85Sr7CZy1RqQJs	Chat Start : 10k MAU	year	4788	active
sub_1PYpa3I9Qa85Sr7CE5I80mvy	price_1NxwoBI9Qa85Sr7CZy1RqQJs	Chat Start : 10k MAU	year	4788	active
sub_1PYp9wI9Qa85Sr7C6kZppcUB	price_1NxwoBI9Qa85Sr7CZy1RqQJs	Chat Start : 10k MAU	year	4788	active
sub_1PMYwqI9Qa85Sr7C97P0Mmzr	price_1NxwoBI9Qa85Sr7CZy1RqQJs	Chat Start : 10k MAU	year	4788	active
sub_1PEteaI9Qa85Sr7CI7DNUZs9	price_1NxwoBI9Qa85Sr7CZy1RqQJs	Chat Start : 10k MAU	year	4788	active
sub_1P8FvdI9Qa85Sr7Cb4D6X94b	price_1NxwoBI9Qa85Sr7CZy1RqQJs	Chat Start : 10k MAU	year	4788	active
sub_1P7WyWI9Qa85Sr7ChNGUvsDR	price_1NxwoBI9Qa85Sr7CZy1RqQJs	Chat Start : 10k MAU	year	4788	active
sub_1P1jLKI9Qa85Sr7CjINcPcAg	price_1NxwoBI9Qa85Sr7CZy1RqQJs	Chat Start : 10k MAU	year	4788	active
sub_1P0H8lI9Qa85Sr7Cg4vqt8ZT	price_1NxwoBI9Qa85Sr7CZy1RqQJs	Chat Start : 10k MAU	year	4788	active
sub_1OzitfI9Qa85Sr7CXaOmBbcb	price_1NxwoBI9Qa85Sr7CZy1RqQJs	Chat Start : 10k MAU	year	4788	active
sub_1OwDIWI9Qa85Sr7CpniAPlkE	price_1NxwoBI9Qa85Sr7CZy1RqQJs	Chat Start : 10k MAU	year	4788	active
sub_1OvTGJI9Qa85Sr7CeDqgmpdx	price_1NxwoBI9Qa85Sr7CZy1RqQJs	Chat Start : 10k MAU	year	4788	active
sub_1Ou7LJI9Qa85Sr7CUigpIpKy	price_1NxwoBI9Qa85Sr7CZy1RqQJs	Chat Start : 10k MAU	year	4788	active
sub_1OrLm4I9Qa85Sr7CCCGRNEG5	price_1NxwoBI9Qa85Sr7CZy1RqQJs	Chat Start : 10k MAU	year	4788	active
sub_1OlwlXI9Qa85Sr7CVafuCXLP	price_1NxwoBI9Qa85Sr7CZy1RqQJs	Chat Start : 10k MAU	year	4788	active
sub_1OlQsHI9Qa85Sr7ClPNO0X7T	price_1NxwoBI9Qa85Sr7CZy1RqQJs	Chat Start : 10k MAU	year	4788	active
sub_1OeCILI9Qa85Sr7CX6sUySoM	price_1NxwoBI9Qa85Sr7CZy1RqQJs	Chat Start : 10k MAU	year	4788	active
sub_1OXXaqI9Qa85Sr7CxkrQR6sj	price_1NxwoBI9Qa85Sr7CZy1RqQJs	Chat Start : 10k MAU	year	4788	active
sub_1OXN7UI9Qa85Sr7CfRRclZaq	price_1NxwoBI9Qa85Sr7CZy1RqQJs	Chat Start : 10k MAU	year	4788	active
sub_1OX5cOI9Qa85Sr7Cip4zHUQO	price_1NxwoBI9Qa85Sr7CZy1RqQJs	Chat Start : 10k MAU	year	4788	active
sub_1OWKvGI9Qa85Sr7Csfqxzfp8	price_1NxwoBI9Qa85Sr7CZy1RqQJs	Chat Start : 10k MAU	year	4788	active
sub_1OW2TxI9Qa85Sr7C7ILbSviv	price_1NxwoBI9Qa85Sr7CZy1RqQJs	Chat Start : 10k MAU	year	4788	active
sub_1OVJABI9Qa85Sr7CdrytSZlD	price_1NxwoBI9Qa85Sr7CZy1RqQJs	Chat Start : 10k MAU	year	4788	active
sub_1Pi97qI9Qa85Sr7CxEYWlcKI	price_1OzhuSI9Qa85Sr7CtR4cjihm	Video Enterprise : Quarterly	month	4500	past_due
sub_1PXpswI9Qa85Sr7CNJYbLG4t	price_1Nqgr4I9Qa85Sr7CM6J32dy7	Chat Enterprise : Monthly	month	4500	past_due
sub_1PalToI9Qa85Sr7Cqk956EEp	price_1MGp5mI9Qa85Sr7CaWash849	Chat Standard : Quarterly	month	3897	active
sub_1OYb0tI9Qa85Sr7CNQKFVSm0	price_1Mx0OCI9Qa85Sr7C3ykdTFYn	Chat Enterprise : Monthly	month	3600	past_due
sub_1Q4mdyI9Qa85Sr7C8dwT9sQz	price_1KnsEKI9Qa85Sr7CrAGGyMG0	Feeds Standard : Annually	year	3228	active
sub_1PPA74I9Qa85Sr7CSrp8ayom	price_1KnsEKI9Qa85Sr7CrAGGyMG0	Feeds Standard : Annually	year	3228	active
sub_1P2GHvI9Qa85Sr7C1DXpyfFi	price_1KnsEKI9Qa85Sr7CrAGGyMG0	Feeds Standard : Annually	year	3228	active
sub_1Pu6q3I9Qa85Sr7C0J5YK5Yy	price_1KsXNfI9Qa85Sr7COYdoFkP9	Chat Enterprise - Support : Quarterly	month	3000	past_due
sub_1PaS8UI9Qa85Sr7CBNYJemam	price_1PWj7eI9Qa85Sr7CoKxiNiWr	Chat Enterprise - Development Term : 3 Months	month	3000	active
sub_1OpE8PI9Qa85Sr7Ccru5jF1z	price_1OpE5GI9Qa85Sr7CIb3f3NgO	Video Enterprise - Support : Quarterly	month	3000	active
sub_1PMdEZI9Qa85Sr7CXdYbvG11	price_1PMdDHI9Qa85Sr7CG30R3pnc	Chat Enterprise - Support : Quarterly	month	2750	past_due
sub_1Pu6q0I9Qa85Sr7Ct0HuAkgT	price_1PtzGrI9Qa85Sr7CGPpLgKYR	Video : Quarterly	month	2500	past_due
sub_1P0WMnI9Qa85Sr7Cqspr4OKw	price_1Oly4II9Qa85Sr7CP4GS9tkn	Video Enterprise : Quarterly	month	2500	active
sub_1Oly93I9Qa85Sr7Cp6lvhcx2	price_1Oly4II9Qa85Sr7CP4GS9tkn	Video Enterprise : Quarterly	month	2500	past_due
sub_1OouzlI9Qa85Sr7CtqpiMpHW	price_1Nxwz3I9Qa85Sr7C8Sl3Kmy0	Chat Start : 50k MAU	month	2299	active
sub_1PtFvGI9Qa85Sr7CMokE1suP	price_1PtFtkI9Qa85Sr7CSI2IfgVR	Chat Elevate : 10k MAU	month	2192	active
sub_1OwFY2I9Qa85Sr7CCLglQ1Lq	price_1OwFVrI9Qa85Sr7CD7P1HixR	Video : Quarterly	month	2052	past_due
sub_1PilugI9Qa85Sr7CnzybUNHG	price_1PilspI9Qa85Sr7CMatrbVRW	Chat Elevate : 10k MAU	month	2025	past_due
sub_1Pi97qI9Qa85Sr7CxEYWlcKI	price_1OzhtyI9Qa85Sr7CdnBQ6cW4	Video Enterprise - Support : Quarterly	month	2000	past_due
sub_1P0dvQI9Qa85Sr7C3mt9o2c7	price_1OwCr2I9Qa85Sr7CkoirhcVp	Video : Quarterly	month	2000	active
sub_1P0HRkI9Qa85Sr7CnqUuF6ut	plan_EJjzXtHZrqaRVG	Feeds Enterprise - Support : Monthly	month	2000	active
sub_1Q4bgtI9Qa85Sr7CxdloN7Ir	price_1Q4bfvI9Qa85Sr7CLFqMvGFq	Video : Quarterly	month	1881	active
sub_1PMkzVI9Qa85Sr7CkyOkLlIz	price_1PBLeaI9Qa85Sr7CJapaMWRf	Chat Start : 50k MAU	month	1849	past_due
sub_1Q4bRvI9Qa85Sr7COIjbYLE7	price_1OkDEWI9Qa85Sr7C6aoJaeO7	Chat Elevate : 10k MAU	month	1797	active
sub_1Pu6q0I9Qa85Sr7Ct0HuAkgT	price_1OkDEWI9Qa85Sr7C6aoJaeO7	Chat Elevate : 10k MAU	month	1797	past_due
sub_1PnwkqI9Qa85Sr7CRitJmreL	price_1OkDEWI9Qa85Sr7C6aoJaeO7	Chat Elevate : 10k MAU	month	1797	active
sub_1PnDmcI9Qa85Sr7C83g3W54l	price_1OkDEWI9Qa85Sr7C6aoJaeO7	Chat Elevate : 10k MAU	month	1797	active
sub_1PYMF9I9Qa85Sr7CXdZCokOr	price_1OkDEWI9Qa85Sr7C6aoJaeO7	Chat Elevate : 10k MAU	month	1797	active
sub_1PXdIOI9Qa85Sr7C8wepXfLS	price_1OkDEWI9Qa85Sr7C6aoJaeO7	Chat Elevate : 10k MAU	month	1797	active
sub_1PBWDuI9Qa85Sr7CeEpGz3rQ	price_1OkDEWI9Qa85Sr7C6aoJaeO7	Chat Elevate : 10k MAU	month	1797	active
sub_1Ow6sfI9Qa85Sr7C0bLweh0G	price_1OkDEWI9Qa85Sr7C6aoJaeO7	Chat Elevate : 10k MAU	month	1797	active
sub_1P1MsHI9Qa85Sr7C4tu6JYyX	price_1KsYp3I9Qa85Sr7CRkoUOPI5	Chat Startup : Quarterly	month	1497	active
sub_1PVukHI9Qa85Sr7Cx8gjerRY	price_1Nxwu8I9Qa85Sr7CWrzpb0XU	Chat Start : 25k MAU	month	1299	active
sub_1PHTwLI9Qa85Sr7C1yHmbE9g	price_1Nxwu8I9Qa85Sr7CWrzpb0XU	Chat Start : 25k MAU	month	1299	active
sub_1PGj6oI9Qa85Sr7CNTTVUVGu	price_1Nxwu8I9Qa85Sr7CWrzpb0XU	Chat Start : 25k MAU	month	1299	active
sub_1P9BDbI9Qa85Sr7CbB38Hy1g	price_1Nxwu8I9Qa85Sr7CWrzpb0XU	Chat Start : 25k MAU	month	1299	active
sub_1OuKrUI9Qa85Sr7CwktJIRxD	price_1Nxwu8I9Qa85Sr7CWrzpb0XU	Chat Start : 25k MAU	month	1299	active
sub_1PeWL8I9Qa85Sr7C01Jl20Gb	price_1OS6KXI9Qa85Sr7CSAqMTMtZ	Chat Start : 10k MAU	month	1197	active
sub_1Pe35CI9Qa85Sr7CvrayUFLI	price_1OS6KXI9Qa85Sr7CSAqMTMtZ	Chat Start : 10k MAU	month	1197	active
sub_1PVxh6I9Qa85Sr7Cf0AbTa7b	price_1OS6KXI9Qa85Sr7CSAqMTMtZ	Chat Start : 10k MAU	month	1197	active
sub_1PMkzVI9Qa85Sr7CnbaofPxG	price_1OS6KXI9Qa85Sr7CSAqMTMtZ	Chat Start : 10k MAU	month	1197	active
sub_1PMkzSI9Qa85Sr7CypWNNwIu	price_1OS6KXI9Qa85Sr7CSAqMTMtZ	Chat Start : 10k MAU	month	1197	past_due
sub_1PMkzQI9Qa85Sr7CGFl17kDA	price_1OS6KXI9Qa85Sr7CSAqMTMtZ	Chat Start : 10k MAU	month	1197	past_due
sub_1PLfZfI9Qa85Sr7CUhAdTTCp	price_1OS6KXI9Qa85Sr7CSAqMTMtZ	Chat Start : 10k MAU	month	1197	past_due
sub_1PHDU7I9Qa85Sr7C9drfFtIu	price_1OS6KXI9Qa85Sr7CSAqMTMtZ	Chat Start : 10k MAU	month	1197	active
sub_1PCbdyI9Qa85Sr7CyiY7zbF6	price_1OS6KXI9Qa85Sr7CSAqMTMtZ	Chat Start : 10k MAU	month	1197	active
sub_1PBWDyI9Qa85Sr7CYxdc8c2F	price_1OS6KXI9Qa85Sr7CSAqMTMtZ	Chat Start : 10k MAU	month	1197	active
sub_1PBWDyI9Qa85Sr7C6vLiGm3D	price_1OS6KXI9Qa85Sr7CSAqMTMtZ	Chat Start : 10k MAU	month	1197	active
sub_1PBWDwI9Qa85Sr7CpvVNjeMe	price_1OS6KXI9Qa85Sr7CSAqMTMtZ	Chat Start : 10k MAU	month	1197	active
sub_1P5uW2I9Qa85Sr7CPoDi2W1H	price_1OS6KXI9Qa85Sr7CSAqMTMtZ	Chat Start : 10k MAU	month	1197	active
sub_1OrBxsI9Qa85Sr7Cvw0uHbmv	price_1P0nubI9Qa85Sr7CTeFCrzFc	Chat Start : 25k MAU	month	1049	active
sub_1PiGHpI9Qa85Sr7CXdWcVh3Q	v3_pro	Feeds Premium : Monthly	month	899	active
sub_1OvnMbI9Qa85Sr7C1jtRHpF7	v3_pro	Feeds Premium : Monthly	month	899	active
sub_1OcivXI9Qa85Sr7C0nd0iF7Z	v3_pro	Feeds Premium : Monthly	month	899	past_due
sub_1PalToI9Qa85Sr7Cqk956EEp	price_1NlFyQI9Qa85Sr7C2yg04ljk	Feeds Standard : Quarterly	month	807	active
sub_1P0dvdI9Qa85Sr7CC4eFO8T3	price_1OzivCI9Qa85Sr7CWgr52n89	Video : Quarterly	month	800	active
sub_1P0dvcI9Qa85Sr7C2xA3FaHH	price_1OzivCI9Qa85Sr7CWgr52n89	Video : Quarterly	month	800	active
sub_1P0dvZI9Qa85Sr7C2Au4cG5N	price_1OzivCI9Qa85Sr7CWgr52n89	Video : Quarterly	month	800	active
sub_1P0dvWI9Qa85Sr7CJOoMigsg	price_1OzivCI9Qa85Sr7CWgr52n89	Video : Quarterly	month	800	active
sub_1P0dvUI9Qa85Sr7CdyCKm19U	price_1OzivCI9Qa85Sr7CWgr52n89	Video : Quarterly	month	800	active
sub_1Q4m9aI9Qa85Sr7CcWC3SEwr	price_1Nxx3xI9Qa85Sr7CRaEOofhv	Chat Elevate : 10k MAU	month	675	active
sub_1PzRAhI9Qa85Sr7CIInbOFRO	price_1Nxx3xI9Qa85Sr7CRaEOofhv	Chat Elevate : 10k MAU	month	675	active
sub_1PlVLOI9Qa85Sr7CwWhVwLJy	price_1Nxx3xI9Qa85Sr7CRaEOofhv	Chat Elevate : 10k MAU	month	675	active
sub_1PhsGxI9Qa85Sr7CwxNBE7WJ	price_1Nxx3xI9Qa85Sr7CRaEOofhv	Chat Elevate : 10k MAU	month	675	active
sub_1PbUwwI9Qa85Sr7C1ZjTVKca	price_1Nxx3xI9Qa85Sr7CRaEOofhv	Chat Elevate : 10k MAU	month	675	active
sub_1PDhcwI9Qa85Sr7C8f0P6BE7	price_1Nxx3xI9Qa85Sr7CRaEOofhv	Chat Elevate : 10k MAU	month	675	active
sub_1PDTMiI9Qa85Sr7CPZhg4gzv	price_1Nxx3xI9Qa85Sr7CRaEOofhv	Chat Elevate : 10k MAU	month	675	active
sub_1PD8V7I9Qa85Sr7Cv1P8fWJK	price_1Nxx3xI9Qa85Sr7CRaEOofhv	Chat Elevate : 10k MAU	month	675	active
sub_1P67PHI9Qa85Sr7Cp4JGwOo9	price_1Nxx3xI9Qa85Sr7CRaEOofhv	Chat Elevate : 10k MAU	month	675	active
sub_1OpE7BI9Qa85Sr7CoZL9TNDh	price_1Nxx3xI9Qa85Sr7CRaEOofhv	Chat Elevate : 10k MAU	month	675	active
sub_1OovuSI9Qa85Sr7CywFz43KL	price_1Nxx3xI9Qa85Sr7CRaEOofhv	Chat Elevate : 10k MAU	month	675	active
sub_1Ok6AYI9Qa85Sr7ClCw6MRM2	price_1Nxx3xI9Qa85Sr7CRaEOofhv	Chat Elevate : 10k MAU	month	675	active
sub_1OfFlDI9Qa85Sr7Cy42IK5NM	price_1Nxx3xI9Qa85Sr7CRaEOofhv	Chat Elevate : 10k MAU	month	675	past_due
sub_1Oem2wI9Qa85Sr7ClHm7Vuug	price_1Nxx3xI9Qa85Sr7CRaEOofhv	Chat Elevate : 10k MAU	month	675	active
sub_1P3h2xI9Qa85Sr7CHdUei1AT	price_1OwD46I9Qa85Sr7CQ64w5FMW	Video : Quarterly	month	600	past_due
sub_1P0dvaI9Qa85Sr7CpNDERSug	price_1OwD46I9Qa85Sr7CQ64w5FMW	Video : Quarterly	month	600	active
sub_1P0dvOI9Qa85Sr7CHszyZ1ke	price_1OwD46I9Qa85Sr7CQ64w5FMW	Video : Quarterly	month	600	active
sub_1P0dvLI9Qa85Sr7CDLns5rXG	price_1OwD46I9Qa85Sr7CQ64w5FMW	Video : Quarterly	month	600	active
sub_1P0dvJI9Qa85Sr7Cqx9trll6	price_1OwD46I9Qa85Sr7CQ64w5FMW	Video : Quarterly	month	600	active
sub_1P0dvII9Qa85Sr7ClzUg7c4h	price_1OwD46I9Qa85Sr7CQ64w5FMW	Video : Quarterly	month	600	active
sub_1OmkZbI9Qa85Sr7CVOA1hwGP	price_1ONNtBI9Qa85Sr7CaHHltYSF	Chat Elevate : 10k MAU	month	599	active
sub_1OcyXEI9Qa85Sr7CPEsVkW5j	price_1P5ulgI9Qa85Sr7CAKPjR9TC	Chat Elevate : 10k MAU	month	500	active
sub_1Q55cDI9Qa85Sr7Cm4QPhkcl	price_1NxwoBI9Qa85Sr7CX1EXxrpB	Chat Start : 10k MAU	month	499	active
sub_1Q550dI9Qa85Sr7CCw7NP7Dt	price_1NxwoBI9Qa85Sr7CX1EXxrpB	Chat Start : 10k MAU	month	499	active
sub_1Q4vhtI9Qa85Sr7COwZ8OJcC	price_1NxwoBI9Qa85Sr7CX1EXxrpB	Chat Start : 10k MAU	month	499	active
sub_1Q3dq8I9Qa85Sr7CYD3Xz2ei	price_1NxwoBI9Qa85Sr7CX1EXxrpB	Chat Start : 10k MAU	month	499	active
sub_1Q3Z5hI9Qa85Sr7CBpJMY6DQ	price_1NxwoBI9Qa85Sr7CX1EXxrpB	Chat Start : 10k MAU	month	499	active
sub_1Q3FuTI9Qa85Sr7CJoIaU7lv	price_1NxwoBI9Qa85Sr7CX1EXxrpB	Chat Start : 10k MAU	month	499	active
sub_1Q2veXI9Qa85Sr7CQXYKkA5r	price_1NxwoBI9Qa85Sr7CX1EXxrpB	Chat Start : 10k MAU	month	499	active
sub_1Q2ua3I9Qa85Sr7C1MAMJnCJ	price_1NxwoBI9Qa85Sr7CX1EXxrpB	Chat Start : 10k MAU	month	499	active
sub_1Q2FwUI9Qa85Sr7Cd4KZphVc	price_1NxwoBI9Qa85Sr7CX1EXxrpB	Chat Start : 10k MAU	month	499	active
sub_1Q238uI9Qa85Sr7C2ro0fW6n	price_1NxwoBI9Qa85Sr7CX1EXxrpB	Chat Start : 10k MAU	month	499	active
sub_1Q1YF5I9Qa85Sr7CsPmiLXjr	price_1NxwoBI9Qa85Sr7CX1EXxrpB	Chat Start : 10k MAU	month	499	active
sub_1Q190zI9Qa85Sr7CklufR7D9	price_1NxwoBI9Qa85Sr7CX1EXxrpB	Chat Start : 10k MAU	month	499	active
sub_1PzrqwI9Qa85Sr7CjFLsKnGH	price_1NxwoBI9Qa85Sr7CX1EXxrpB	Chat Start : 10k MAU	month	499	active
sub_1Py0urI9Qa85Sr7Cv2Ga9wD1	price_1NxwoBI9Qa85Sr7CX1EXxrpB	Chat Start : 10k MAU	month	499	active
sub_1Px1TZI9Qa85Sr7CeUVZO1a5	price_1NxwoBI9Qa85Sr7CX1EXxrpB	Chat Start : 10k MAU	month	499	active
sub_1Pv1GtI9Qa85Sr7CtCFiZgyR	price_1NxwoBI9Qa85Sr7CX1EXxrpB	Chat Start : 10k MAU	month	499	active
sub_1PtdIXI9Qa85Sr7CfR3UCQDi	price_1NxwoBI9Qa85Sr7CX1EXxrpB	Chat Start : 10k MAU	month	499	active
sub_1Ps72tI9Qa85Sr7CQpCrLBBk	price_1NxwoBI9Qa85Sr7CX1EXxrpB	Chat Start : 10k MAU	month	499	active
sub_1Ps02vI9Qa85Sr7CTe53VTIv	price_1NxwoBI9Qa85Sr7CX1EXxrpB	Chat Start : 10k MAU	month	499	active
sub_1PqvyZI9Qa85Sr7CyzZ1Mjhi	price_1NxwoBI9Qa85Sr7CX1EXxrpB	Chat Start : 10k MAU	month	499	active
sub_1Pqs6fI9Qa85Sr7CFAGjT2Ia	price_1NxwoBI9Qa85Sr7CX1EXxrpB	Chat Start : 10k MAU	month	499	past_due
sub_1Pq7YXI9Qa85Sr7CXSZi2yfL	price_1NxwoBI9Qa85Sr7CX1EXxrpB	Chat Start : 10k MAU	month	499	active
sub_1PpORzI9Qa85Sr7CFVwIKhIC	price_1NxwoBI9Qa85Sr7CX1EXxrpB	Chat Start : 10k MAU	month	499	active
sub_1PpJQ9I9Qa85Sr7Ca3uLuEVp	price_1NxwoBI9Qa85Sr7CX1EXxrpB	Chat Start : 10k MAU	month	499	active
sub_1PnoVYI9Qa85Sr7CKS8pVFYD	price_1NxwoBI9Qa85Sr7CX1EXxrpB	Chat Start : 10k MAU	month	499	active
sub_1Pn8KOI9Qa85Sr7CSWjvBLoC	price_1NxwoBI9Qa85Sr7CX1EXxrpB	Chat Start : 10k MAU	month	499	active
sub_1Pn5yuI9Qa85Sr7CAM9jyUod	price_1NxwoBI9Qa85Sr7CX1EXxrpB	Chat Start : 10k MAU	month	499	active
sub_1Pn0H3I9Qa85Sr7CwlTOg7zz	price_1NxwoBI9Qa85Sr7CX1EXxrpB	Chat Start : 10k MAU	month	499	active
sub_1PllskI9Qa85Sr7Cap2eaZVc	chat-startup-v2	Chat Startup : Monthly	month	499	active
sub_1PlafbI9Qa85Sr7CtHmEO51E	price_1NxwoBI9Qa85Sr7CX1EXxrpB	Chat Start : 10k MAU	month	499	active
sub_1PlVPPI9Qa85Sr7Cq8df5b9M	price_1NxwoBI9Qa85Sr7CX1EXxrpB	Chat Start : 10k MAU	month	499	active
sub_1PlDACI9Qa85Sr7CisgJFM99	price_1NxwoBI9Qa85Sr7CX1EXxrpB	Chat Start : 10k MAU	month	499	active
sub_1Pl94vI9Qa85Sr7CAuqeajG0	price_1NxwoBI9Qa85Sr7CX1EXxrpB	Chat Start : 10k MAU	month	499	active
sub_1Pl1rDI9Qa85Sr7CcUzrNL2f	price_1NxwoBI9Qa85Sr7CX1EXxrpB	Chat Start : 10k MAU	month	499	active
sub_1Pkos1I9Qa85Sr7Cm3MY9VCP	price_1NxwoBI9Qa85Sr7CX1EXxrpB	Chat Start : 10k MAU	month	499	active
sub_1PjRZKI9Qa85Sr7CWAvVeJnZ	price_1NxwoBI9Qa85Sr7CX1EXxrpB	Chat Start : 10k MAU	month	499	past_due
sub_1PjQORI9Qa85Sr7CVibzUlU1	price_1NxwoBI9Qa85Sr7CX1EXxrpB	Chat Start : 10k MAU	month	499	active
sub_1PizscI9Qa85Sr7Cp4BHeoaV	price_1NxwoBI9Qa85Sr7CX1EXxrpB	Chat Start : 10k MAU	month	499	active
sub_1PioVZI9Qa85Sr7CamX7q3LS	price_1NxwoBI9Qa85Sr7CX1EXxrpB	Chat Start : 10k MAU	month	499	past_due
sub_1PilvwI9Qa85Sr7CpSFWNmGA	price_1NxwoBI9Qa85Sr7CX1EXxrpB	Chat Start : 10k MAU	month	499	active
sub_1PiRFCI9Qa85Sr7CUbIwK25k	price_1NxwoBI9Qa85Sr7CX1EXxrpB	Chat Start : 10k MAU	month	499	active
sub_1PiI5ZI9Qa85Sr7Cg9Q46cUn	price_1NxwoBI9Qa85Sr7CX1EXxrpB	Chat Start : 10k MAU	month	499	past_due
sub_1PiGBJI9Qa85Sr7CnVSdEVkm	price_1NxwoBI9Qa85Sr7CX1EXxrpB	Chat Start : 10k MAU	month	499	active
sub_1PiDr5I9Qa85Sr7CPHiT9JmO	price_1NxwoBI9Qa85Sr7CX1EXxrpB	Chat Start : 10k MAU	month	499	active
sub_1Phx6iI9Qa85Sr7C8z0g6vdj	price_1NxwoBI9Qa85Sr7CX1EXxrpB	Chat Start : 10k MAU	month	499	active
sub_1PhZd1I9Qa85Sr7Cyu1bjEcm	price_1NxwoBI9Qa85Sr7CX1EXxrpB	Chat Start : 10k MAU	month	499	active
sub_1PgCeDI9Qa85Sr7CPszdhoNc	price_1NxwoBI9Qa85Sr7CX1EXxrpB	Chat Start : 10k MAU	month	499	active
sub_1PeOPKI9Qa85Sr7CR7JjkdaE	price_1NxwoBI9Qa85Sr7CX1EXxrpB	Chat Start : 10k MAU	month	499	active
sub_1PeDQXI9Qa85Sr7ClnnaYxoo	price_1NxwoBI9Qa85Sr7CX1EXxrpB	Chat Start : 10k MAU	month	499	active
sub_1PdXTII9Qa85Sr7CUooe5fiQ	price_1NxwoBI9Qa85Sr7CX1EXxrpB	Chat Start : 10k MAU	month	499	active
sub_1PdXHkI9Qa85Sr7CyAgxA4EM	price_1NxwoBI9Qa85Sr7CX1EXxrpB	Chat Start : 10k MAU	month	499	active
sub_1Pd1pgI9Qa85Sr7CqP2cVHRJ	price_1NxwoBI9Qa85Sr7CX1EXxrpB	Chat Start : 10k MAU	month	499	active
sub_1PcjQFI9Qa85Sr7CR46wmNEA	price_1NxwoBI9Qa85Sr7CX1EXxrpB	Chat Start : 10k MAU	month	499	active
sub_1PbQlvI9Qa85Sr7CTITyoMO7	price_1NxwoBI9Qa85Sr7CX1EXxrpB	Chat Start : 10k MAU	month	499	active
sub_1Paz7gI9Qa85Sr7C6BGndBL4	price_1NxwoBI9Qa85Sr7CX1EXxrpB	Chat Start : 10k MAU	month	499	active
sub_1PahHyI9Qa85Sr7CyewhKt28	price_1NxwoBI9Qa85Sr7CX1EXxrpB	Chat Start : 10k MAU	month	499	active
sub_1PaHuQI9Qa85Sr7Cw7FgJ3D6	price_1NxwoBI9Qa85Sr7CX1EXxrpB	Chat Start : 10k MAU	month	499	active
sub_1PaBsQI9Qa85Sr7CE1I1KIoZ	price_1NxwoBI9Qa85Sr7CX1EXxrpB	Chat Start : 10k MAU	month	499	active
sub_1PZphkI9Qa85Sr7ChReqZklm	price_1NxwoBI9Qa85Sr7CX1EXxrpB	Chat Start : 10k MAU	month	499	active
sub_1PYooCI9Qa85Sr7CfAGpYIyY	price_1NxwoBI9Qa85Sr7CX1EXxrpB	Chat Start : 10k MAU	month	499	active
sub_1PYAO2I9Qa85Sr7CkFO0ZsnW	price_1NxwoBI9Qa85Sr7CX1EXxrpB	Chat Start : 10k MAU	month	499	active
sub_1PXnvwI9Qa85Sr7CW62TLmZc	price_1NxwoBI9Qa85Sr7CX1EXxrpB	Chat Start : 10k MAU	month	499	active
sub_1PXjW8I9Qa85Sr7CLuWKyV9K	price_1NxwoBI9Qa85Sr7CX1EXxrpB	Chat Start : 10k MAU	month	499	active
sub_1PWJpxI9Qa85Sr7C1JNfQylV	price_1NxwoBI9Qa85Sr7CX1EXxrpB	Chat Start : 10k MAU	month	499	active
sub_1PW2ztI9Qa85Sr7CW2hwST81	price_1NxwoBI9Qa85Sr7CX1EXxrpB	Chat Start : 10k MAU	month	499	past_due
sub_1PVw7oI9Qa85Sr7C1xTPhO8a	price_1NxwoBI9Qa85Sr7CX1EXxrpB	Chat Start : 10k MAU	month	499	active
sub_1PVKDNI9Qa85Sr7CysYB8iNA	price_1NxwoBI9Qa85Sr7CX1EXxrpB	Chat Start : 10k MAU	month	499	active
sub_1PUsjdI9Qa85Sr7CM4vgPrNs	price_1NxwoBI9Qa85Sr7CX1EXxrpB	Chat Start : 10k MAU	month	499	active
sub_1PTwIaI9Qa85Sr7CwcYXHHKv	price_1NxwoBI9Qa85Sr7CX1EXxrpB	Chat Start : 10k MAU	month	499	active
sub_1PTbSaI9Qa85Sr7CnGwAbqAU	price_1NxwoBI9Qa85Sr7CX1EXxrpB	Chat Start : 10k MAU	month	499	active
sub_1PSodyI9Qa85Sr7C8jZ5Uspf	price_1NxwoBI9Qa85Sr7CX1EXxrpB	Chat Start : 10k MAU	month	499	active
sub_1PR2jVI9Qa85Sr7CKJPY7EJb	price_1NxwoBI9Qa85Sr7CX1EXxrpB	Chat Start : 10k MAU	month	499	active
sub_1PQRfHI9Qa85Sr7CFhWGyIcj	price_1NxwoBI9Qa85Sr7CX1EXxrpB	Chat Start : 10k MAU	month	499	active
sub_1PMZWBI9Qa85Sr7CZPRdnXMl	price_1NxwoBI9Qa85Sr7CX1EXxrpB	Chat Start : 10k MAU	month	499	past_due
sub_1PMVj3I9Qa85Sr7CdbSBK9tl	price_1NxwoBI9Qa85Sr7CX1EXxrpB	Chat Start : 10k MAU	month	499	active
sub_1PLunvI9Qa85Sr7CMegytKno	price_1NxwoBI9Qa85Sr7CX1EXxrpB	Chat Start : 10k MAU	month	499	active
sub_1PK4UfI9Qa85Sr7CYxEi2HtL	price_1NxwoBI9Qa85Sr7CX1EXxrpB	Chat Start : 10k MAU	month	499	active
sub_1PJhflI9Qa85Sr7Co6lnlREB	price_1NxwoBI9Qa85Sr7CX1EXxrpB	Chat Start : 10k MAU	month	499	active
sub_1PIyPbI9Qa85Sr7CX4SdWEji	price_1NxwoBI9Qa85Sr7CX1EXxrpB	Chat Start : 10k MAU	month	499	active
sub_1PGk4sI9Qa85Sr7C8zjpee5P	price_1NxwoBI9Qa85Sr7CX1EXxrpB	Chat Start : 10k MAU	month	499	active
sub_1PGMHnI9Qa85Sr7CrV4BYEAv	price_1NxwoBI9Qa85Sr7CX1EXxrpB	Chat Start : 10k MAU	month	499	active
sub_1PAuLgI9Qa85Sr7ChaHuG0nL	price_1NxwoBI9Qa85Sr7CX1EXxrpB	Chat Start : 10k MAU	month	499	active
sub_1P9rzEI9Qa85Sr7Cs6CbhMaK	price_1NxwoBI9Qa85Sr7CX1EXxrpB	Chat Start : 10k MAU	month	499	active
sub_1P9TEjI9Qa85Sr7CGx3mS9pZ	price_1NxwoBI9Qa85Sr7CX1EXxrpB	Chat Start : 10k MAU	month	499	active
sub_1P8QudI9Qa85Sr7CqCptraeS	price_1NxwoBI9Qa85Sr7CX1EXxrpB	Chat Start : 10k MAU	month	499	active
sub_1P6qGfI9Qa85Sr7CFFHt3ZhL	price_1NxwoBI9Qa85Sr7CX1EXxrpB	Chat Start : 10k MAU	month	499	active
sub_1P5yO1I9Qa85Sr7CqDrCBANp	price_1NxwoBI9Qa85Sr7CX1EXxrpB	Chat Start : 10k MAU	month	499	active
sub_1P5taYI9Qa85Sr7CbVeKF3LM	price_1NxwoBI9Qa85Sr7CX1EXxrpB	Chat Start : 10k MAU	month	499	active
sub_1P4m8GI9Qa85Sr7CCa24Shvk	price_1NxwoBI9Qa85Sr7CX1EXxrpB	Chat Start : 10k MAU	month	499	active
sub_1P3l9YI9Qa85Sr7CpVDlICTK	price_1NxwoBI9Qa85Sr7CX1EXxrpB	Chat Start : 10k MAU	month	499	active
sub_1P3fPAI9Qa85Sr7ClcE9DmOW	price_1NxwoBI9Qa85Sr7CX1EXxrpB	Chat Start : 10k MAU	month	499	trialing
sub_1Oz7hbI9Qa85Sr7CzwbXLOZJ	price_1NxwoBI9Qa85Sr7CX1EXxrpB	Chat Start : 10k MAU	month	499	active
sub_1OyzEBI9Qa85Sr7CXfFLLXLS	price_1NxwoBI9Qa85Sr7CX1EXxrpB	Chat Start : 10k MAU	month	499	active
sub_1OyaK5I9Qa85Sr7C63UafvlX	price_1NxwoBI9Qa85Sr7CX1EXxrpB	Chat Start : 10k MAU	month	499	active
sub_1OwxRWI9Qa85Sr7CO22PWyyX	price_1NxwoBI9Qa85Sr7CX1EXxrpB	Chat Start : 10k MAU	month	499	active
sub_1Ovb3KI9Qa85Sr7CUw335ZFp	price_1NxwoBI9Qa85Sr7CX1EXxrpB	Chat Start : 10k MAU	month	499	active
sub_1OvOYTI9Qa85Sr7CudhuTcaQ	price_1NxwoBI9Qa85Sr7CX1EXxrpB	Chat Start : 10k MAU	month	499	active
sub_1Os9KoI9Qa85Sr7Cl723X859	price_1NxwoBI9Qa85Sr7CX1EXxrpB	Chat Start : 10k MAU	month	499	active
sub_1OqzzzI9Qa85Sr7CXKwG7tPz	price_1NxwoBI9Qa85Sr7CX1EXxrpB	Chat Start : 10k MAU	month	499	active
sub_1OqmUZI9Qa85Sr7C2savQ6Yv	price_1NxwoBI9Qa85Sr7CX1EXxrpB	Chat Start : 10k MAU	month	499	active
sub_1Oq5x3I9Qa85Sr7CLgm8TC4F	price_1NxwoBI9Qa85Sr7CX1EXxrpB	Chat Start : 10k MAU	month	499	active
sub_1OpQ57I9Qa85Sr7CJ8eR7QRV	price_1NxwoBI9Qa85Sr7CX1EXxrpB	Chat Start : 10k MAU	month	499	active
sub_1OooXcI9Qa85Sr7CCvuEQeJj	price_1NxwoBI9Qa85Sr7CX1EXxrpB	Chat Start : 10k MAU	month	499	active
sub_1OmiVUI9Qa85Sr7C2VV4KyHT	price_1NxwoBI9Qa85Sr7CX1EXxrpB	Chat Start : 10k MAU	month	499	active
sub_1OmbTyI9Qa85Sr7CXXGAqunU	price_1NxwoBI9Qa85Sr7CX1EXxrpB	Chat Start : 10k MAU	month	499	active
sub_1OmS7CI9Qa85Sr7CgbK3SMyd	price_1NxwoBI9Qa85Sr7CX1EXxrpB	Chat Start : 10k MAU	month	499	active
sub_1Oj8JJI9Qa85Sr7Ca9aBHZiD	price_1NxwoBI9Qa85Sr7CX1EXxrpB	Chat Start : 10k MAU	month	499	active
sub_1Ogj6hI9Qa85Sr7CFbdba06S	price_1NxwoBI9Qa85Sr7CX1EXxrpB	Chat Start : 10k MAU	month	499	active
sub_1OdvurI9Qa85Sr7CFihQxQ5Z	price_1NxwoBI9Qa85Sr7CX1EXxrpB	Chat Start : 10k MAU	month	499	active
sub_1OZc4HI9Qa85Sr7CpUXJUEbX	price_1NxwoBI9Qa85Sr7CX1EXxrpB	Chat Start : 10k MAU	month	499	active
sub_1OXiREI9Qa85Sr7CUjXSND78	price_1NxwoBI9Qa85Sr7CX1EXxrpB	Chat Start : 10k MAU	month	499	active
sub_1OX3h6I9Qa85Sr7CWk1My5VY	price_1NxwoBI9Qa85Sr7CX1EXxrpB	Chat Start : 10k MAU	month	499	active
sub_1OW9sdI9Qa85Sr7C863AmJ7U	price_1NxwoBI9Qa85Sr7CX1EXxrpB	Chat Start : 10k MAU	month	499	active
sub_1OVppQI9Qa85Sr7CguwNnB37	price_1NxwoBI9Qa85Sr7CX1EXxrpB	Chat Start : 10k MAU	month	499	active
sub_1PWjowI9Qa85Sr7CrfCstIgf	price_1PWjo0I9Qa85Sr7CgQakGzyF	Chat Start : 10k MAU	month	399	past_due
sub_1PHPbpI9Qa85Sr7CW1All9k9	price_1PWjo0I9Qa85Sr7CgQakGzyF	Chat Start : 10k MAU	month	399	active
sub_1PbQpDI9Qa85Sr7CjCaRtSL5	v3_growth	Feeds Standard : Monthly	month	269	active
sub_1PW0NPI9Qa85Sr7CvqKGPdm0	v3_growth	Feeds Standard : Monthly	month	269	active
sub_1P9UtEI9Qa85Sr7C4HZ1nsO0	v3_growth	Feeds Standard : Monthly	month	269	active
sub_1P0NpoI9Qa85Sr7CeO0XYmTT	v3_growth	Feeds Standard : Monthly	month	269	unpaid
sub_1Ozwp0I9Qa85Sr7CcUGuttxg	v3_growth	Feeds Standard : Monthly	month	269	active
sub_1Oy2zzI9Qa85Sr7C6UhwBNnu	v3_growth	Feeds Standard : Monthly	month	269	active
sub_1OwICJI9Qa85Sr7CZsL01C47	v3_growth	Feeds Standard : Monthly	month	269	active
sub_1OqiZdI9Qa85Sr7CQ237Bb41	v3_growth	Feeds Standard : Monthly	month	269	active
sub_1OfAbuI9Qa85Sr7CVShZcIRt	v3_growth	Feeds Standard : Monthly	month	269	active
sub_1OeclCI9Qa85Sr7CvtmfCQmJ	v3_growth	Feeds Standard : Monthly	month	269	active
sub_1OZ2ClI9Qa85Sr7Caka7U34M	v3_growth	Feeds Standard : Monthly	month	269	unpaid
sub_1OW9sGI9Qa85Sr7CQ3PndqBd	v3_growth	Feeds Standard : Monthly	month	269	active
sub_1Q3fLVI9Qa85Sr7C1fY2hMTX	v3_starter	Feeds Startup : Monthly	month	59	active
sub_1PwUHAI9Qa85Sr7Cf1iD63R0	v3_starter	Feeds Startup : Monthly	month	59	active
sub_1Pw4mNI9Qa85Sr7Ce5pL8yVd	v3_starter	Feeds Startup : Monthly	month	59	active
sub_1Ps2v2I9Qa85Sr7CHJSqYKIH	v3_starter	Feeds Startup : Monthly	month	59	active
sub_1PgTRFI9Qa85Sr7Cu8yssHzn	v3_starter	Feeds Startup : Monthly	month	59	active
sub_1Pg84iI9Qa85Sr7CYp2SABYy	v3_starter	Feeds Startup : Monthly	month	59	past_due
sub_1PXl56I9Qa85Sr7Cqpc1F27H	v3_starter	Feeds Startup : Monthly	month	59	active
sub_1PT33eI9Qa85Sr7CqhdTW5nm	v3_starter	Feeds Startup : Monthly	month	59	active
sub_1PQXy0I9Qa85Sr7CJRVSIoLQ	v3_starter	Feeds Startup : Monthly	month	59	active
sub_1POaDxI9Qa85Sr7CJcbg6fEa	v3_starter	Feeds Startup : Monthly	month	59	active
sub_1PNHWkI9Qa85Sr7CUAY0xFuG	v3_starter	Feeds Startup : Monthly	month	59	active
sub_1PLondI9Qa85Sr7C0peQTjX7	v3_starter	Feeds Startup : Monthly	month	59	past_due
sub_1PL2YbI9Qa85Sr7C9fASnzII	v3_starter	Feeds Startup : Monthly	month	59	active
sub_1PDQBoI9Qa85Sr7CiGlaJYwU	v3_starter	Feeds Startup : Monthly	month	59	active
sub_1P9hGvI9Qa85Sr7CMAQEKhaY	v3_starter	Feeds Startup : Monthly	month	59	active
sub_1P8osfI9Qa85Sr7CNHGFuOuP	v3_starter	Feeds Startup : Monthly	month	59	active
sub_1P55ivI9Qa85Sr7CykI94D38	v3_starter	Feeds Startup : Monthly	month	59	active
sub_1P4tPTI9Qa85Sr7CrxUw6OtN	v3_starter	Feeds Startup : Monthly	month	59	active
sub_1P1pL3I9Qa85Sr7CBKn9lgw2	v3_starter	Feeds Startup : Monthly	month	59	active
sub_1OueE1I9Qa85Sr7CVfNN5Nev	v3_starter	Feeds Startup : Monthly	month	59	active
sub_1OokDII9Qa85Sr7CrSXqtNpv	v3_starter	Feeds Startup : Monthly	month	59	active
sub_1Ojp0qI9Qa85Sr7CXezPT0Eq	v3_starter	Feeds Startup : Monthly	month	59	active
sub_1OhZsnI9Qa85Sr7CSSiFk50K	v3_starter	Feeds Startup : Monthly	month	59	active
sub_1OejinI9Qa85Sr7CArEZjMcS	v3_starter	Feeds Startup : Monthly	month	59	past_due
sub_1OZu5aI9Qa85Sr7CeeSpAWin	v3_starter	Feeds Startup : Monthly	month	59	active
sub_1OYvziI9Qa85Sr7C5RtrWxLp	v3_starter	Feeds Startup : Monthly	month	59	active
sub_1OVpqQI9Qa85Sr7CHQBSPwZR	v3_starter	Feeds Startup : Monthly	month	59	active
sub_1Q5MbdI9Qa85Sr7CO7biCOaE	video-build	Video Build	month	0	active
sub_1Q4byBI9Qa85Sr7CCkUoK7Tn	video-payg	Video PAYG	month	0	active
sub_1Q3eDLI9Qa85Sr7Chz4pBvFJ	video-payg	Video PAYG	month	0	active
sub_1Q3MTYI9Qa85Sr7Cz2RcOy9s	video-payg	Video PAYG	month	0	active
sub_1Q3BV6I9Qa85Sr7Cl1tL9jIf	video-build	Video Build	month	0	active
sub_1Q1iQuI9Qa85Sr7CrlzZZH7T	video-build	Video Build	month	0	active
sub_1Q0eaBI9Qa85Sr7Cw8G7Z8PZ	video-build	Video Build	month	0	active
sub_1Q0GjbI9Qa85Sr7CpNIWhyfp	video-build	Video Build	month	0	active
sub_1Q0820I9Qa85Sr7CpMB8ATK3	video-payg	Video PAYG	month	0	active
sub_1Py2ZOI9Qa85Sr7CJkOTnMTx	video-payg	Video PAYG	month	0	active
sub_1PxpyfI9Qa85Sr7CdcyOZJ7q	video-build	Video Build	month	0	active
sub_1PxAEOI9Qa85Sr7CPB4XLxlZ	video-payg	Video PAYG	month	0	active
sub_1Px5QnI9Qa85Sr7CCYJcsPIp	video-build	Video Build	month	0	active
sub_1Pw4nAI9Qa85Sr7CLwLNS2k4	video-payg	Video PAYG	month	0	active
sub_1PvI5tI9Qa85Sr7ChRJPYFb1	video-payg	Video PAYG	month	0	active
sub_1Pv3oxI9Qa85Sr7CO3NVXSE5	video-build	Video Build	month	0	active
sub_1PuUnII9Qa85Sr7CLSVpGSMK	video-build	Video Build	month	0	active
sub_1PuLTFI9Qa85Sr7CZ6L8XOJz	video-payg	Video PAYG	month	0	active
sub_1PtHZhI9Qa85Sr7CugFOMZUJ	video-payg	Video PAYG	month	0	active
sub_1Pt5pZI9Qa85Sr7C2ic4Fq63	video-payg	Video PAYG	month	0	active
sub_1PsyRTI9Qa85Sr7CNbREkKlb	video-payg	Video PAYG	month	0	active
sub_1PsjuXI9Qa85Sr7CwDQenwHN	video-payg	Video PAYG	month	0	active
sub_1PsdUGI9Qa85Sr7Cm46XyhvO	video-payg	Video PAYG	month	0	active
sub_1PsNpLI9Qa85Sr7CNc1ditKk	video-payg	Video PAYG	month	0	active
sub_1PrrLrI9Qa85Sr7CITq3TpGp	video-build	Video Build	month	0	active
sub_1PqrA3I9Qa85Sr7CmG3XxBZz	video-payg	Video PAYG	month	0	active
sub_1PqcOeI9Qa85Sr7C9hynOn9o	video-payg	Video PAYG	month	0	active
sub_1PqVThI9Qa85Sr7CJlM6XCSh	video-build	Video Build	month	0	active
sub_1PqJ99I9Qa85Sr7CDVqUBzr9	video-payg	Video PAYG	month	0	active
sub_1PqA4hI9Qa85Sr7CJJB2ZYub	video-build	Video Build	month	0	active
sub_1PpZdII9Qa85Sr7C9oHhoJIm	video-payg	Video PAYG	month	0	active
sub_1PpYLqI9Qa85Sr7CAjQ69Zz1	video-payg	Video PAYG	month	0	active
sub_1Pp0CiI9Qa85Sr7C7rFweWrx	video-build	Video Build	month	0	active
sub_1PoneBI9Qa85Sr7CYSCFU8nI	video-build	Video Build	month	0	active
sub_1PoMe0I9Qa85Sr7CR4Zglzzv	video-build	Video Build	month	0	active
sub_1Po534I9Qa85Sr7CKjGjotXv	video-payg	Video PAYG	month	0	active
sub_1Po1wmI9Qa85Sr7CfTPiyPv4	video-payg	Video PAYG	month	0	active
sub_1PnMC7I9Qa85Sr7CNyY0A0Ur	video-payg	Video PAYG	month	0	active
sub_1PmHxeI9Qa85Sr7CimUXMBUd	video-payg	Video PAYG	month	0	active
sub_1PlLgRI9Qa85Sr7Crce5yRbB	video-payg	Video PAYG	month	0	active
sub_1PkcnOI9Qa85Sr7C72pJFoG0	video-payg	Video PAYG	month	0	active
sub_1Pjjx4I9Qa85Sr7CeC9GJrXb	video-payg	Video PAYG	month	0	active
sub_1PjU6lI9Qa85Sr7CWPKDeqCJ	video-build	Video Build	month	0	active
sub_1PjRMqI9Qa85Sr7C54IsTwID	video-build	Video Build	month	0	active
sub_1PiGaGI9Qa85Sr7C42ILHbQg	video-build	Video Build	month	0	active
sub_1Pi75RI9Qa85Sr7C9MSJpXAV	video-build	Video Build	month	0	active
sub_1Pi5kKI9Qa85Sr7Cy7qeSWX6	video-payg	Video PAYG	month	0	active
sub_1PhbG8I9Qa85Sr7Cu9Lf4E9o	video-payg	Video PAYG	month	0	active
sub_1Ph5lZI9Qa85Sr7CVmRzghBX	video-build	Video Build	month	0	active
sub_1PextqI9Qa85Sr7Cf9KB1yUy	video-payg	Video PAYG	month	0	active
sub_1PdqQ8I9Qa85Sr7CrADXLe8I	video-payg	Video PAYG	month	0	active
sub_1Pd8NuI9Qa85Sr7ClPvmyyHd	video-payg	Video PAYG	month	0	active
sub_1PcqBWI9Qa85Sr7Ci0S3OFnn	video-build	Video Build	month	0	active
sub_1Pcp2PI9Qa85Sr7CW0rtB0LC	video-payg	Video PAYG	month	0	active
sub_1PY34WI9Qa85Sr7Cok1XHNIS	video-payg	Video PAYG	month	0	active
sub_1PWdlsI9Qa85Sr7CdsJERqCG	video-build	Video Build	month	0	active
sub_1PV2acI9Qa85Sr7Cw7rFzxeB	video-payg	Video PAYG	month	0	active
sub_1PTBg9I9Qa85Sr7CARV9vmMA	video-payg	Video PAYG	month	0	active
sub_1PSbjfI9Qa85Sr7CmZAgC1T2	video-build	Video Build	month	0	active
sub_1PSJkKI9Qa85Sr7C0elsh0L7	video-build	Video Build	month	0	active
sub_1PQ5RnI9Qa85Sr7CSn9l3Z5I	video-payg	Video PAYG	month	0	active
sub_1PPATCI9Qa85Sr7Cx6sydjiq	video-payg	Video PAYG	month	0	active
sub_1PMThhI9Qa85Sr7CJ50sez35	video-payg	Video PAYG	month	0	active
sub_1PLY0zI9Qa85Sr7Cdd9NMPjs	video-payg	Video PAYG	month	0	active
sub_1PJhsmI9Qa85Sr7CbfBVJOM4	video-payg	Video PAYG	month	0	active
sub_1PJ3YCI9Qa85Sr7CKVoixlt7	video-build	Video Build	month	0	active
sub_1PGFefI9Qa85Sr7CZ7yeChQI	video-payg	Video PAYG	month	0	active
sub_1PFt2NI9Qa85Sr7Cx8cQFTZM	video-build	Video Build	month	0	active
sub_1PFaZjI9Qa85Sr7C55f7es7Z	video-payg	Video PAYG	month	0	active
sub_1PFYrdI9Qa85Sr7CmquX27xF	video-build	Video Build	month	0	active
sub_1PEyO0I9Qa85Sr7CMAP1obLg	video-payg	Video PAYG	month	0	active
sub_1PER36I9Qa85Sr7CylAMBkIG	video-build	Video Build	month	0	active
sub_1PCsEUI9Qa85Sr7Cj5KUJGzi	video-build	Video Build	month	0	active
sub_1P94GdI9Qa85Sr7Cju37LwKq	video_standard	Video Standard : Monthly	month	0	active
sub_1P90bRI9Qa85Sr7CWBlH09h7	video-payg	Video PAYG	month	0	active
sub_1P8gJHI9Qa85Sr7CJFKUp6Ll	video-payg	Video PAYG	month	0	active
sub_1P7x6AI9Qa85Sr7Clh4iFGoZ	video-payg	Video PAYG	month	0	active
sub_1P7sCJI9Qa85Sr7Csos12sex	video-build	Video Build	month	0	active
sub_1P7MtzI9Qa85Sr7CETAlEhWk	video-build	Video Build	month	0	active
sub_1P7531I9Qa85Sr7CnGCMCey8	video-build	Video Build	month	0	active
sub_1P5AaNI9Qa85Sr7Cu2LCSUma	video-payg	Video PAYG	month	0	active
sub_1P4zBtI9Qa85Sr7CfEKAPidS	video-payg	Video PAYG	month	0	active
sub_1P4r3hI9Qa85Sr7CfL4gq9oJ	video-build	Video Build	month	0	active
sub_1P4R7YI9Qa85Sr7Ct0ha3Kbh	video-payg	Video PAYG	month	0	active
sub_1P3t8II9Qa85Sr7Crr8HD688	video-payg	Video PAYG	month	0	active
sub_1P3n4gI9Qa85Sr7CwnA6GuyC	video-payg	Video PAYG	month	0	active
sub_1P32uTI9Qa85Sr7CtkWpDeWm	video-payg	Video PAYG	month	0	active
sub_1P2sNII9Qa85Sr7C3cmAjno6	video-build	Video Build	month	0	active
sub_1P2hfSI9Qa85Sr7CtU67RHTQ	video-payg	Video PAYG	month	0	active
sub_1P1tczI9Qa85Sr7C6linXxtU	video-payg	Video PAYG	month	0	active
sub_1P1MP3I9Qa85Sr7CbEPbKgX7	video-payg	Video PAYG	month	0	active
sub_1OzRJqI9Qa85Sr7CWk6cjTf9	video-build	Video Build	month	0	active
sub_1OyBhRI9Qa85Sr7CaXjQo0QN	video_standard	Video Standard : Monthly	month	0	active
sub_1OwdEbI9Qa85Sr7CF47tsQUj	video-payg	Video PAYG	month	0	active
sub_1OvaIvI9Qa85Sr7CrPRgmv6d	video-payg	Video PAYG	month	0	active
sub_1OuTVtI9Qa85Sr7CHL9BBbML	video_standard	Video Standard : Monthly	month	0	active
sub_1OmsIAI9Qa85Sr7CFDUSiUTW	video-payg	Video PAYG	month	0	active
sub_1OltmyI9Qa85Sr7C0uuw7nJi	video-payg	Video PAYG	month	0	active
sub_1Olt3YI9Qa85Sr7Cbvk6D0ci	video_standard	Video Standard : Monthly	month	0	active
sub_1OlcHNI9Qa85Sr7Cjb6YxgZ0	video-payg	Video PAYG	month	0	active
sub_1OjGRlI9Qa85Sr7CjltN1Cu6	video_standard	Video Standard : Monthly	month	0	active
sub_1Oj3fhI9Qa85Sr7CIsnNLvlp	video_standard	Video Standard : Monthly	month	0	active
sub_1OiX8hI9Qa85Sr7CRcdjJDbN	video-payg	Video PAYG	month	0	active
sub_1OiTQzI9Qa85Sr7Ch7nL7zxe	video-payg	Video PAYG	month	0	active
sub_1Oi2mpI9Qa85Sr7CyhHlhAKQ	video-payg	Video PAYG	month	0	active
sub_1Ohsx1I9Qa85Sr7C4855sgKt	video-payg	Video PAYG	month	0	active
sub_1OhrSII9Qa85Sr7CkMpJDlcy	video-payg	Video PAYG	month	0	active
sub_1OhgFcI9Qa85Sr7ChtWFmczh	video_standard	Video Standard : Monthly	month	0	active
sub_1OhCMhI9Qa85Sr7CTVfKZQM9	video-payg	Video PAYG	month	0	active
sub_1OgSBNI9Qa85Sr7CEMIVovpD	video-payg	Video PAYG	month	0	active
sub_1OfmTHI9Qa85Sr7CfPmef2g8	video_standard	Video Standard : Monthly	month	0	active
sub_1OeQ2CI9Qa85Sr7Csr50FlFa	video-payg	Video PAYG	month	0	active
sub_1OcrGcI9Qa85Sr7CcSl96erJ	video-payg	Video PAYG	month	0	active
sub_1OcDUaI9Qa85Sr7C0Ad8fJaW	video-payg	Video PAYG	month	0	active
sub_1OUFX8I9Qa85Sr7Cqz9dDCCN	video-payg	Video PAYG	month	0	active